Day_Number,Title,Goal,Task_1,Task_2,Task_3,Quick_Win,Why_It_Works,Reflection,Mood_Scale,Tomorrow_Focus
1,Day 1: Check In With Yourself,Notice how you actually feel right now — without trying to fix anything.,Set a 5-minute timer and sit quietly without your phone. Notice thoughts and body tension.,Write 3 words that describe how you've been feeling lately. No editing — just what's true.,Write one word for how you want to feel by the end of these 30 days. Put it somewhere visible.,Take 3 slow breaths before you do anything else today.,Naming emotions reduces their intensity — a well-documented effect called affect labeling.,What's one thing you've been carrying lately that you haven't said out loud to anyone?,😊 / 😐 / 😔,Tomorrow is about your mornings — notice how you wake up and how you feel in the first 10 minutes.
2,Day 2: Your Morning Signal,Notice what your mornings feel like before you change anything about them.,When you wake up tomorrow notice the very first thought in your head. Write it down before anything else.,Write down the first thing you typically do each morning and honestly note how it makes you feel.,Close your eyes and picture tomorrow morning going well. Write one word for how you want it to feel.,Set your phone across the room tonight so tomorrow's start is a little calmer.,Morning routines activate the brain's planning circuits making the rest of the day feel more manageable.,What does a good morning feel like to you? What would need to be true for that to happen more often?,😊 / 😐 / 😔,Tomorrow you'll notice one small thing that's been quietly draining your energy.
3,Day 3: One Good Thing,Find evidence that things aren't entirely wrong — even if the evidence is small.,Write down 3 things that went okay today. They don't have to be good — just okay is enough.,Think of one person who makes you feel steadier. Write one sentence about what it is about them.,Look around the space you're in right now and find one thing you actually like about it.,Name one thing that made you smile this week even briefly. Write it down.,Noticing small positives rewires attention patterns over time — a core principle in behavioral science.,What's one small thing that's been going right lately that you haven't given yourself credit for?,😊 / 😐 / 😔,Tomorrow is about your physical space — one corner one drawer one surface.
4,Day 4: Clear One Space,Create one small area that feels calm and a little more like yours.,Look around your space right now. Write one sentence about how the order or clutter makes you feel.,Put back only what belongs there. Everything else goes in a drawer a box or the bin.,Spend 2 minutes in that cleared space. Sit or stand there. Just notice how it feels different.,Wipe the surface down with a cloth. A clean space signals calm to your brain immediately.,Visual clutter competes for attention — removing it lowers background stress without any other effort.,Is there a space in your home that makes you feel tired just looking at it? What could you remove?,😊 / 😐 / 😔,Tomorrow you'll track your energy at different times of day — no changes yet just noticing.
5,Day 5: Your Energy Map,Notice when your energy rises and falls so you can work with it instead of against it.,At three points today — morning afternoon evening — pause and rate your energy 1–5. Write the numbers.,Look at what you wrote. When do you feel sharpest? When do you fade? Write one sentence about the pattern.,Write one sentence about when you feel most drained during the day and what usually seems to trigger it.,Drink a glass of water right now. Mild dehydration is one of the most common hidden energy drains.,Matching tasks to natural energy rhythms increases focus without requiring more willpower.,What do you usually do during your lowest-energy hour of the day? Is that working for you?,😊 / 😐 / 😔,Tomorrow is about sleep — not fixing it yet just getting an honest picture of what's happening.
6,Day 6: Your Sleep Reality,Get an honest picture of your sleep this week without judgment.,Write down your typical bedtime wake time and how rested you feel most mornings on a scale of 1–5.,Name one thing that regularly cuts into your sleep — screen time stress late eating noise. Just name it.,Write one sentence about how your current sleep quality affects how you feel and relate to people.,Turn on Do Not Disturb before you go to sleep tonight.,Sleep quality affects mood focus and appetite regulation more than almost any other single factor.,What would feel different in your daily life if you were consistently more rested?,😊 / 😐 / 😔,Tomorrow wraps Week 1 — you'll look back at what you noticed and name one thing that already shifted.
7,Day 7: Week 1 Wrap,Acknowledge what you've noticed this week and name one small thing that's already different.,Flip back through Days 1–6. Read what you wrote. Don't analyze — just notice what stands out.,Write one thing you noticed about yourself this week that surprised you or just felt true.,Write one thing you want to carry into Week 2 — a habit a thought or a small action that helped.,Put a mark or star on today's date somewhere visible — a sticky note journal or calendar.,Reflection consolidates learning. Reviewing what worked makes the behavior more likely to continue.,What's one thing you did this week however small that you're glad you did?,😊 / 😐 / 😔,Week 2 starts tomorrow — it's about momentum. Small habits gently built one at a time.
8,Day 8: Coming Back,Return to the workbook without guilt — whether you missed one day or several.,Read back over your Day 7 wrap. Remind yourself what you noticed. One minute no pressure.,Pick one task from any day you missed. Just one. Do that one thing today.,Write one honest sentence about what the last few days looked like. Just a note nothing more.,Refill your water and sit down for 2 quiet minutes before you do anything else today.,Returning after a gap without self-judgment is itself a skill — and one of the most valuable ones.,What made it hard to show up? Not to judge it — just to understand it.,😊 / 😐 / 😔,Tomorrow you'll look at where your attention actually goes during the day — and whether that's by choice.
9,Day 9: Where Your Attention Goes,Notice what you're spending time and attention on — without changing anything yet.,Pause and notice how your attention felt today. Scattered pulled around or mostly steady? Write one word.,Think about your last evening. What did you do for most of it? Write it down honestly.,Make two lists: what you gave attention to today and what you wish you'd given more attention to.,Put your phone face-down for the next 15 minutes. Just notice what that feels like.,Awareness of attention patterns is the first step to shifting them — without data any change is guesswork.,If a log showed everything you did this week would it match what you say matters to you?,😊 / 😐 / 😔,Tomorrow is Day 10. You've made it nearly a third of the way through. That's worth pausing for.
10,Day 10: Ten Days In,Pause and acknowledge that ten days of showing up is genuinely significant.,Go back to your Life Audit from the Setup Pages. Rate the same areas again. Notice any shifts.,Write one thing that feels even slightly easier or clearer than it did on Day 1. One thing is enough.,Write what you want Week 2 to focus on for you. Keep it to one area — morning routine sleep or focus.,Say out loud or write: "Ten days. I'm doing this." Mean it.,Mid-point reflection creates a psychological marker that increases follow-through in the second half.,What would you tell someone else who was at Day 10 and quietly doubting themselves?,😊 / 😐 / 😔,Tomorrow you'll choose and start one morning habit. Small specific and entirely yours.
11,Day 11: One Morning Habit,Choose one morning habit and start it today — no elaborate routine just one thing.,Choose your habit: drink water before coffee · 5 deep breaths after waking · write 3 lines in a notebook.,Write it down: "My morning habit this week is ___." Put it somewhere you'll see it when you wake up.,Do your habit right now or set a specific time tomorrow when you will. Commit to the time not the idea.,Set a phone reminder 10 minutes after your usual wake time. Label it with your habit name.,Attaching a new behavior to a fixed morning window builds consistency faster than waiting to feel motivated.,Why this habit? What do you hope it quietly gives you over time?,😊 / 😐 / 😔,Tomorrow you'll attach your habit to something you already do — making it much harder to forget.
12,Day 12: Stack It,Lock in your morning habit by pairing it with something you already do automatically.,Name your most automatic morning behavior — brewing coffee brushing teeth opening curtains. Write it down.,"Write your habit stack: ""After I [existing behavior] I will [new habit]."" This is your cue.",Do the full stack this morning. Existing behavior then new habit. Back to back. Write one word about it.,Write the stack on a sticky note and place it where the cue happens — by the kettle sink or bedside.,Habit stacking uses existing neural pathways as triggers cutting the effort needed to start a new behavior.,What's one habit you already have that you never think about? What made it automatic over time?,😊 / 😐 / 😔,Tomorrow you'll check honestly how the habit has been landing — without pressure on the result.
13,Day 13: Honest Check-In,Assess how your morning habit is going — honestly without judging whatever the answer is.,Rate how consistently you did your morning habit this week from 1–5. Write the number and one reason.,Write what got in the way if anything — time energy forgetting resistance. Just name it clearly.,Adjust if needed. Simpler version? Different timing? Different habit? Write the updated version now.,Do your morning habit right now even if it's the afternoon. Timing matters less than keeping it going.,Flexible consistency — adapting without quitting — builds habits more reliably than all-or-nothing thinking.,What's the difference between a habit that's hard and a habit that's simply wrong for you right now?,😊 / 😐 / 😔,Tomorrow wraps Week 2 — you'll note what shifted and decide what to carry into Week 3.
14,Day 14: Week 2 Wrap,Acknowledge the habit work you did this week and decide what's worth carrying forward.,Write a short summary of Week 2. What did you try? What stuck? What didn't? Three to five sentences.,Decide: keep your morning habit into Week 3 adjust it or replace it with something that fits better.,Write one thing this week taught you about how you actually work — not about habits but about yourself.,Mark Day 14 on your tracker or calendar. Two weeks done.,Turning experience into a brief written summary helps the brain store it as a lesson rather than an event.,What made this week harder than Week 1? What made it more meaningful?,😊 / 😐 / 😔,Week 3 starts tomorrow — body mind and environment. It's a noticeable shift. You're ready for it.
15,Day 15: Coming Back Again,Return to the work without making a story out of the gap — or the time away.,Don't scroll back to calculate what you missed. Open to today start here and go forward from now.,Write one sentence about where you are right now — energy mood headspace. Just the honest current state.,Do your morning habit from Week 2 or your adjusted version. One familiar action to re-anchor.,Make yourself something warm to drink. Sit with it for 2 minutes. You're back.,Re-entry without self-criticism is a learnable skill. The brain returns more easily when the cost is low.,What made Week 3 harder to start than Week 1 or 2? What got in the way?,😊 / 😐 / 😔,Tomorrow you'll add movement — 10 minutes nothing intense. Just your body briefly awake.
16,Day 16: Move for 10 Minutes,Add one short daily movement — not for fitness just to feel more present in your body.,Walk outside for 10 minutes. No podcast no phone. Just walk slowly and look at what's around you.,When you're done write one word for how your body felt before the walk and one word for after.,Choose a specific time tomorrow you'll repeat this. Write it: "Tomorrow at [time] I'll walk 10 minutes.",Stand up and stretch for 60 seconds right now. Any stretch. Just move something.,Brief movement raises mood-regulating neurotransmitters and reduces tension faster than almost any habit.,When was the last time you moved your body without it being for a specific outcome or goal?,😊 / 😐 / 😔,Tomorrow is the halfway point. You'll pause and take stock of how far you've actually come.
17,Day 17: Halfway There,Mark the halfway point and let yourself genuinely feel what that means.,Write three things that are different from Day 1 — in how you feel think or act. Small differences count.,Go back to your 30-day intention from the Setup Pages. Read it. Write one word about how it lands now.,Write what you want the second half to feel like. Not a goal — just a feeling. One word or sentence.,Take a photo of today's date or write it somewhere. Halfway done is a real thing worth noting.,Naming progress at a milestone increases follow-through — the brain treats acknowledged effort as worth protecting.,What's one thing you've quietly let go of in the last 17 days even just a little?,😊 / 😐 / 😔,Tomorrow you'll work on clearing mental clutter — the kind you can't see but definitely feel.
18,Day 18: Clear Your Head,Reduce one source of mental clutter that's been running in the background without you choosing it.,Brain dump for 5 minutes — everything in your head right now. Worries tasks loops random thoughts. All out.,Read what you wrote. Circle one item that's actually within your control right now. Just one.,Take one small action on it — a reply a note a decision one concrete step. Keep it under 2 minutes.,Close 5 browser tabs or app windows you haven't touched in days. Small clears add up quickly.,Writing down mental load frees working memory and makes problems feel more contained and manageable.,What thought has been on repeat for you lately that you haven't actually addressed or resolved?,😊 / 😐 / 😔,Tomorrow is about your physical environment — a deeper clear than what you did in Week 1.
19,Day 19: Your Environment Continued,Improve one more corner of your physical space — building on the clear you did in Week 1.,Choose a different space from Day 4 — a drawer shelf car bag or closet section. Set a 7-minute timer.,Clear it out. Keep only what belongs works or you actually use. Bin donate or relocate the rest.,Take a photo of the cleared space. Look at it when you feel overwhelmed this week.,Empty one thing right now — a bag a pocket a small tray. 60 seconds flat.,Physical order measurably lowers cortisol — your nervous system responds directly to what your eyes take in.,Which area of your life feels most cluttered right now — physical space your mind or your relationships?,😊 / 😐 / 😔,Tomorrow you'll take one step toward something you've been quietly putting off.
20,Day 20: The Thing You've Been Avoiding,Get curious about one thing you've been circling around — without any pressure to start it today.,Write down the thing you've been avoiding. Don't plan it or judge it — just name it clearly on paper.,Write one honest sentence about why this thing has been waiting. What have you been telling yourself?,Write what it would feel like to have simply started it — not finished it just started. Notice what comes up.,"Write: ""The thing I've been circling is ___."" Naming it clearly is itself a small act of honesty.",Understanding why we avoid something is often more useful than forcing a start before we're ready.,What's one small thing that would need to be true before starting this felt manageable to you?,😊 / 😐 / 😔,Tomorrow wraps Week 3 — and starts asking bigger questions about what you actually want.
21,Day 21: Week 3 Wrap,Take stock of what Week 3 built — in habits headspace and your sense of what's possible from here.,List the habit areas you've tried in the last three weeks — morning routine movement mental clarity.,Write one honest sentence about how you've shown up this month — the moments you're glad about.,Look ahead to Week 4. Write one question you want it to help you answer about your life.,Mark Day 21 on your tracker. Three weeks done. One left.,Shifting from reviewing behavior to examining identity is how temporary habits become lasting character.,What would you need to believe about yourself to keep going after this workbook ends?,😊 / 😐 / 😔,Week 4 is the final stretch — identity values and a life you want to return to. It starts tomorrow.
22,Day 22: Coming Back — Final Time,Return to this last week cleanly — whatever the gap whatever happened in between.,Write today's date and one word for how you're showing up right now. That's your entry point.,Read your Day 21 wrap. Find the question you wrote for Week 4. Read it once and let it settle.,Do your morning habit — just the one. Re-anchor with something familiar before this final week begins.,Take 3 slow breaths. You're in the last stretch.,Intentional re-entry signals that what follows matters creating the attention to finish well.,What would make this final week feel complete even if it doesn't go perfectly?,😊 / 😐 / 😔,Tomorrow you'll name what actually matters to you — not what should but what genuinely does.
23,Day 23: Your Values,Name two or three things that genuinely matter to you — not aspirationally but actually true right now.,Write a fast list of 10 things you care about. No editing — whatever surfaces first. Two minutes.,Circle the two or three that feel most true right now. Not most impressive. Most honest.,For each circled value finish the sentence: "This matters to me because ___." One sentence each.,Read your circled values out loud. Notice if any of them surprise you.,Named values act as a decision filter — they make future choices feel clearer and less draining over time.,Where in your current daily life do your actions most reflect what you actually value?,😊 / 😐 / 😔,Tomorrow you'll connect those values to the life you've been quietly building this month.
24,Day 24: The Life You're Building,Connect the small things you've been doing to a larger picture of the life you actually want.,Look at your values from yesterday. Write one way your daily life already reflects each one.,Write 3–5 sentences describing a regular day in your life six months from now. Keep it grounded.,Find one behavior from this workbook that connects to that picture. Write one sentence linking them.,Read your six-months description slowly as if reading about someone you genuinely admire.,Connecting current behavior to a specific future self increases follow-through more than willpower alone.,What's one thing you've started this month that the person in your six-month picture would recognize?,😊 / 😐 / 😔,Tomorrow you'll look at what you're still carrying that doesn't fit that picture anymore.
25,Day 25: What No Longer Fits,Identify one habit thought or pattern you're ready to leave behind — honestly and without drama.,Write 5 things you've been doing thinking or holding onto that don't match who you're becoming.,Circle the one that's costing you the most. Write one sentence about why you've held onto it this long.,Write one small action that signals to yourself that you're putting it down. Do it today.,Delete one app unsubscribe from one email list or remove one object from your space. One only.,Deciding what to stop is as powerful as deciding what to start — and usually harder to do honestly.,What would be different if you stopped doing that one thing for just one week?,😊 / 😐 / 😔,Tomorrow is about the people in your life — and what this month may have quietly shifted there.
26,Day 26: Your People,Notice which relationships give you energy and which ones quietly drain it — without judgment.,Write the names of 3 people who make you feel most like yourself. First ones that come to mind.,Write the name of one relationship you've been neglecting that matters. Send one message today.,Write one way you want to show up differently in your relationships over the next 30 days.,Reply to one message you've been putting off. One sentence is enough to show you're there.,Social connection is a stronger driver of wellbeing than most habits — including most in this workbook.,Which relationship would benefit most from you bringing more of what you've built this month?,😊 / 😐 / 😔,Tomorrow you'll describe who you're becoming — in honest grounded terms not aspirational ones.
27,Day 27: Who You're Becoming,Put words to the version of yourself you've been moving toward this month.,Write 5 words that describe the person you've been trying to be over the last 27 days.,Write 5 words that describe the person you were when you started on Day 1.,Look at both lists. Write one sentence about what's genuinely different — even if the shift is subtle.,Pick one word from your Day 27 list that feels most true right now. Write it somewhere visible.,Identity-level thinking — "I am someone who ___" — is more durable for lasting change than goal-setting.,If the person you were on Day 1 could see you right now what do you think they'd notice first?,😊 / 😐 / 😔,Tomorrow you'll make one real commitment for after this workbook ends.
28,Day 28: Your One Commitment,Choose one thing to keep doing after Day 30 — specific enough to actually follow through on.,Review what you've tried this month. What one habit or practice made the most real difference?,Write your commitment: "After Day 30 I will [specific behavior] at [specific time] on [specific days].",Tell one person or write it somewhere permanent. A commitment only in your head is easier to drop.,Set a repeating phone reminder for your commitment. Label it with the reason it matters to you.,Specificity — naming the when where and how — is the strongest predictor of whether an intention holds.,What would make it easy to keep this commitment? What would make it hard?,😊 / 😐 / 😔,Tomorrow you'll sketch a simple plan for staying in motion after Day 30 ends.
29,Day 29: Life After Day 30,Build a simple low-pressure plan to stay in forward motion when the workbook structure is gone.,Write your weekly rhythm for next month: which habits stay at what frequency and one check-in practice.,Decide what you'll do when things get hard again. Write your own re-entry plan in one or two sentences.,Choose one resource practice or person to lean on over the next 30 days. Write it down clearly.,Block 10 minutes in your calendar 30 days from today. Label it: "Month 2 check-in.",A pre-decided re-entry plan removes decision load when you're tired — making it far easier to return.,What does "staying in motion" look like for you on a real average week — not a perfect one?,😊 / 😐 / 😔,Day 30 tomorrow. The last page. You'll close this the right way.
30,Day 30: You Did It,Close this chapter with honesty acknowledgment and a clear view of what you've actually built.,Write 1–2 sentences to your Day 1 self. What's the one thing you'd most want them to know right now?,Read your Setup Pages your Life Audit and your original intention. Write one thing that surprised you.,Choose your next step — one more focused month a longer practice or simply protecting what you've built.,Put this workbook somewhere visible. Not a shelf. Somewhere it can remind you what you're capable of.,A deliberate closing ritual creates a clear ending — making it easier to begin the next chapter with intention.,What do you know about yourself now that you didn't know on Day 1?,😊 / 😐 / 😔,There's no Day 31. You carry this forward — at your pace on your terms one small step at a time.
